Aaron Finch,2014,10,17,182,5,10.71,36.4,20.4,0,1/11,9,12,24.5
Aaron Finch,2015,8,11,121,3,11,40.3,22,0,1/11,7,8,25.8
Aaron Finch,2016,8,8.4,69,1,7.96,69,52,0,1/9,6,0,21.2
Aaron Finch,2018,3,4,30,1,7.5,30,24,0,1/17,1,1,25
Aaron Finch,2020,2,2,19,0,9.5,-,-,0,0/8,0,1,8.3
Abdul Samad,2020,,,,,,,,,,,,
Abhijeet Tomar,2022,,,,,,,,,,,,
Abhimanyu Mithun,2015,1,4,37,1,9.25,37,24,0,1/37,6,0,41.7
Abhimanyu Mithun,2016,,,,,,,,,,,,
Abhinav Sadarangani,2022,,,,,,,,,,,,
Abhishek Nayar,2013,7,11.1,111,2,9.94,55.5,33.5,0,1/22,8,6,25.4
Abhishek Nayar,2014,4,9,75,2,8.33,37.5,27,0,1/15,4,2,27.8
Abhishek Sharma,2018,,,,,,,,,,,,
Abhishek Sharma,2022,16,31.2,218,11,6.96,19.8,17.1,0,3/10,12,7,39.4
Abu Nechim Ahmed,2014,3,9,62,3,6.89,20.7,18,0,2/27,6,2,50
Adam Milne,2015,,,,,,,,,,,,
Adam Milne,2021,15,53.1,385,18,7.24,21.4,17.7,0,3/12,39,8,47.6
Adam Milne,2022,28,95.2,695,28,7.29,24.8,20.4,0,4/38,69,23,51.9
Adam Zampa,2016,12,45,314,11,6.98,28.5,24.5,0,2/26,13,10,30.4
Aditya Garhwal,2015,,,,,,,,,,,,
Aditya Tare,2014,,,,,,,,,,,,
Aditya Tare,2016,,,,,,,,,,,,
Aditya Tare,2017,,,,,,,,,,,,
Aditya Tare,2018,,,,,,,,,,,,
Agnivesh Ayachi,2019,,,,,,,,,,,,
Aiden Blizzard,2015,,,,,,,,,,,,
Aiden Markram,2022,2,4,23,0,5.75,-,-,0,0/5,2,0,41.7
Ajantha Mendis,2013,,,,,,,,,,,,
Ajinkya Rahane,2018,,,,,,,,,,,,
Ajinkya Rahane,2022,,,,,,,,,,,,
Akash Deep,2022,5,18,139,6,7.72,23.2,18,0,4/35,16,4,52.8
Akash Singh,2020,,,,,,,,,,,,
Akash Singh,2021,,,,,,,,,,,,
Akhil Arvind Herwadkar,2016,,,,,,,,,,,,
Akila Dananjaya,2013,,,,,,,,,,,,
Akila Dhananjaya,2018,,,,,,,,,,,,
Akshar Rajesh Patel,2014,,,,,,,,,,,,
Akshay Karnewar,2016,,,,,,,,,,,,
Akshay Wakhare,2015,,,,,,,,,,,,
Akshdeep Nath,2016,,,,,,,,,,,,
Akshdeep Nath,2017,,,,,,,,,,,,
Akshdeep Nath,2018,,,,,,,,,,,,
Akshdeep Nath,2019,,,,,,,,,,,,
Albie Morkel,2014,43,131.3,965,40,7.34,24.1,19.7,0,4/25,101,25,48
Albie Morkel,2015,31,86.3,631,26,7.29,24.3,20,0,4/25,73,11,47.8
Alex Carey,2020,,,,,,,,,,,,
Alex Hales,2022,,,,,,,,,,,,
Alzarri Joseph,2022,15,52.4,432,12,8.2,36,26.3,0,3/27,37,24,57.3
Aman Khan,2022,,,,,,,,,,,,
Ambati Rayudu,2018,,,,,,,,,,,,
Ambati Rayudu,2022,,,,,,,,,,,,
Amit Mishra,2014,37,125,876,36,7.01,24.3,20.8,0,4/19,43,41,40.1
Amit Mishra,2014,37,125,876,36,7.01,24.3,20.8,0,4/19,43,41,40.1
Amit Mishra,2015,33,115.3,839,30,7.26,28,23.1,0,4/19,42,43,39.7
Amit Mishra,2016,22,77.4,650,16,8.37,40.6,29.1,0,2/23,35,32,33.7
Amit Mishra,2018,28,84.5,687,23,8.1,29.9,22.1,0,4/11,47,32,36.7
Amit Paunikar,2014,,,,,,,,,,,,
Andre Russell,2014,31,92.4,840,23,9.06,36.5,24.2,0,4/35,81,31,37.4
Andrew Tye,2015,7,25,176,7,7.04,25.1,21.4,0,2/12,15,6,45.3
Andrew Tye,2016,16,58.4,410,21,6.99,19.5,16.8,0,4/18,28,12,42.3
Andrew Tye,2018,39,147.1,1106,61,7.52,18.1,14.5,2,5/17,64,39,37.5
Andrew Tye,2020,61,226.4,1857,76,8.19,24.4,17.9,0,4/16,167,60,39.9
Aneeshwar Gautam,2022,,,,,,,,,,,,
Angelo Mathews,2015,10,31,240,5,7.74,48,37.2,0,3/14,19,4,29
Angelo Mathews,2017,10,30,246,7,8.2,35.1,25.7,0,2/15,29,6,38.3
Aniket Choudhary,2017,,,,,,,,,,,,
Aniket Choudhary,2018,5,16.5,144,5,8.55,28.8,20.2,0,2/17,13,6,48.5
Anirudha Ashok Joshi,2018,,,,,,,,,,,,
Anirudha Ashok Joshi,2020,,,,,,,,,,,,
Ankeet Bawane,2017,,,,,,,,,,,,
Ankit Nagendra Sharma,2014,,,,,,,,,,,,
Ankit Sharma,2016,6,22,157,7,7.14,22.4,18.9,0,2/20,11,5,40.9
Ankit Sharma,2018,4,12,100,1,8.33,100,72,0,1/27,5,4,30.6
Ankit Singh Rajpoot,2016,,,,,,,,,,,,
Ankit Singh Rajpoot,2018,9,25,205,7,8.2,29.3,21.4,0,3/37,20,5,41.3
Ankit Singh Rajpoot,2022,6,17,198,2,11.65,99,51,0,1/38,18,12,44.1
Ankush Bains,2014,,,,,,,,,,,,
Ankush Bains,2015,,,,,,,,,,,,
Ankush Bains,2016,,,,,,,,,,,,
Ankush Bains,2019,,,,,,,,,,,,
Anmolpreet Singh,2019,,,,,,,,,,,,
Anmolpreet Singh,2022,,,,,,,,,,,,
Anrich Nortje,2019,3,12,83,8,6.92,10.4,9,0,4/32,8,5,59.7
Ansh Patel,2022,,,,,,,,,,,,
Anuj Rawat,2020,,,,,,,,,,,,
Anuj Rawat,2022,,,,,,,,,,,,
Anukul Roy,2018,,,,,,,,,,,,
Anukul Roy,2022,7,20,131,4,6.55,32.8,30,0,2/18,9,2,35
Anunay Singh,2022,,,,,,,,,,,,
Anureet Singh,2014,,,,,,,,,,,,
Anureet Singh,2018,3,8,69,0,8.62,-,-,0,0/15,9,0,31.2
Apoorv Vijay Wankhade,2014,,,,,,,,,,,,
Apoorv Vijay Wankhade,2018,,,,,,,,,,,,
Arjun Tendulkar,2021,,,,,,,,,,,,
Arjun Tendulkar,2022,1,4,33,1,8.25,33,24,0,1/33,3,1,66.7
Armaan Jaffer,2016,,,,,,,,,,,,
Arshdeep Singh,2019,,,,,,,,,,,,
Aryaman Vikram Birla,2018,,,,,,,,,,,,
Aryan Juyal,2022,,,,,,,,,,,,
Asela Gunarathna,2017,,,,,,,,,,,,
Ashish Nehra,2014,23,84,718,22,8.55,32.6,22.9,0,3/23,76,27,39.5
Ashish Nehra,2016,25,96,744,40,7.75,18.6,14.4,0,4/10,79,24,48.4
Ashish Reddy,2014,14,33.5,307,14,9.07,21.9,14.5,0,3/25,21,15,35.5
Ashok Dinda,2014,20,73,634,25,8.68,25.4,17.5,0,4/18,69,20,42.2
Ashok Dinda,2016,11,36,332,5,9.22,66.4,43.2,0,1/14,27,12,36.1
Ashok Sharma,2022,,,,,,,,,,,,
Ashton Turner,2019,6,8,69,3,8.62,23,16,0,1/8,6,3,37.5
Ashwin Hebbar,2022,2,5,71,0,14.2,-,-,0,0/16,7,5,30
Asif K M,2018,,,,,,,,,,,,
Atharva Taide,2022,2,2,38,0,19,-,-,0,0/6,3,3,0
Avesh Khan,2018,1,4,23,1,5.75,23,24,0,1/23,2,1,50
Avesh Khan,2022,20,77,554,36,7.19,15.4,12.8,1,5/17,55,16,47.4
Axar Rajesh Patel,2019,,,,,,,,,,,,
Ayush Badoni,2022,,,,,,,,,,,,
B. Sai Sudharsan,2022,,,,,,,,,,,,
Baba Aparajith,2014,,,,,,,,,,,,
Baba Aparajith,2016,,,,,,,,,,,,
Baba Indrajith,2022,,,,,,,,,,,,
Baltej Dhanda,2022,,,,,,,,,,,,
Bandaru Ayyappa,2019,,,,,,,,,,,,
Barinder Singh Saran,2015,,,,,,,,,,,,
Barinder Singh Sran,2016,,,,,,,,,,,,
Barinder Singh Sran,2018,,,,,,,,,,,,
Barinder Singh Sran,2019,,,,,,,,,,,,
Basil Thampi,2017,,,,,,,,,,,,
Basil Thampi,2018,12,44.4,424,11,9.49,38.5,24.4,0,3/29,40,17,33.2
Basil Thampi,2022,4,15.1,148,1,9.76,148,91,0,1/46,13,8,33
Ben Cutting,2014,15,49.4,387,20,7.79,19.4,14.9,0,3/24,33,15,43.3
Ben Cutting,2016,17,47,383,7,8.15,54.7,40.3,0,2/30,31,9,36.2
Ben Cutting,2018,23,72.2,698,19,9.65,36.7,22.8,0,2/20,57,25,30.9
Ben Cutting,2021,39,103.4,939,37,9.06,25.4,16.8,0,3/31,75,29,29.4
Ben Dunk,2014,,,,,,,,,,,,
Ben Dwarshuis,2018,,,,,,,,,,,,
Ben Hilfenhaus,2014,15,57,420,18,7.37,23.3,19,0,3/27,45,16,55.3
Ben Laughlin,2013,14,55,392,20,7.13,19.6,16.5,0,4/31,32,9,41.5
Ben Laughlin,2017,16,54.4,444,22,8.12,20.2,14.9,0,2/10,43,13,40.9
Ben Laughlin,2018,17,56.3,417,28,7.38,14.9,12.1,0,4/26,33,13,42.2
Benjamin Stokes,2017,,,,,,,,,,,,
Benjamin Stokes,2018,,,,,,,,,,,,
Benny Howell,2022,27,92.1,721,32,7.82,22.5,17.3,0,4/15,44,28,28.9
Beuran Hendricks,2014,,,,,,,,,,,,
Bhanuka Rajapaksa,2022,2,3,32,0,10.67,-,-,0,0/10,4,1,16.7
Bhuvneshwar Kumar,2014,27,96,652,21,6.79,31,27.4,0,3/18,65,15,50.5
Bhuvneshwar Kumar,2022,15,56.1,434,9,7.73,48.2,37.4,0,2/25,46,13,45.1
Billy Stanlake,2017,5,17.2,127,5,7.33,25.4,20.8,0,3/17,18,1,51.9
Billy Stanlake,2018,11,41.2,306,14,7.4,21.9,17.7,0,3/17,33,8,52.8
Bipul Sharma,2018,13,30.2,250,6,8.24,41.7,30.3,0,1/4,12,14,29.7
Brad Hodge,2014,14,22,202,3,9.18,67.3,44,0,1/13,6,13,27.3
Brad Hogg,2015,28,98.1,683,26,6.96,26.3,22.7,0,4/29,41,27,40.6
Brendan Taylor,2014,,,,,,,,,,,,
Brendon McCullum,2014,,,,,,,,,,,,
Brendon McCullum,2018,1,1,13,0,13,-,-,0,0/13,1,1,50
C Hari Nishaanth,2021,,,,,,,,,,,,
C.Hari Nishaanth,2022,,,,,,,,,,,,
C.M. Gautam,2014,,,,,,,,,,,,
C.M. Gautam,2015,,,,,,,,,,,,
Cameron Delport,2018,27,61,464,19,7.61,24.4,19.3,0,3/18,39,8,33.3
Carlos Brathwaite,2016,18,55.5,452,14,8.1,32.3,23.9,0,3/38,34,18,44.5
Carlos Brathwaite,2018,39,122,990,32,8.11,30.9,22.9,0,4/15,78,37,38.7
Carlos Brathwaite,2019,50,162.4,1341,52,8.24,25.8,18.8,0,4/15,110,54,41.2
Chaitanya Bishnoi,2018,,,,,,,,,,,,
Chama Milind,2014,,,,,,,,,,,,
Chama Milind,2016,,,,,,,,,,,,
Chama Milind,2022,4,12,120,0,10,-,-,0,0/11,13,5,36.1
Chamika Karunaratne,2022,7,18.5,204,5,10.83,40.8,22.6,0,2/46,19,7,31.9
Chetan Sakariya,2021,,,,,,,,,,,,
Chetan Sakariya,2022,19,72,521,24,7.24,21.7,18,1,5/11,45,13,47.9
Cheteshwar Pujara,2014,,,,,,,,,,,,
Cheteshwar Pujara,2021,,,,,,,,,,,,
Chirag Suri,2017,,,,,,,,,,,,
Chris Green,2020,63,218,1489,57,6.83,26.1,22.9,0,4/14,102,53,42.7
Chris Jordan,2017,24,79.2,705,30,8.89,23.5,15.9,0,4/11,63,20,38.9
Chris Jordan,2018,47,153.3,1238,59,8.07,21,15.6,0,4/11,107,34,40.7
Chris Jordan,2020,52,180.2,1524,56,8.45,27.2,19.3,0,3/26,161,39,37.9
Chris Jordan,2022,56,185.3,1605,52,8.65,30.9,21.4,0,3/17,153,44,38.4
Chris Lynn,2014,5,9,73,3,8.11,24.3,18,0,2/15,4,2,22.2
Chris Lynn,2018,,,,,,,,,,,,
Chris Lynn,2020,,,,,,,,,,,,
Chris Woakes,2017,6,20,136,5,6.8,27.2,24,0,3/25,12,2,45.8
Chris Woakes,2018,19,64.4,544,27,8.41,20.1,14.4,0,3/6,53,19,41.5
Chris Woakes,2020,9,33.5,340,12,10.05,28.3,16.9,0,3/36,40,15,45.8
Christopher Barnwell,2013,,,,,,,,,,,,
Christopher Gayle,2018,,,,,,,,,,,,
Christopher Morris,2013,,,,,,,,,,,,
Christopher Morris,2015,,,,,,,,,,,,
Christopher Morris,2016,,,,,,,,,,,,
Christopher Morris,2020,,,,,,,,,,,,
Christopher Morris,2021,,,,,,,,,,,,
Clinton McKay,2013,,,,,,,,,,,,
Colin De Grandhomme,2018,25,51.1,483,9,9.44,53.7,34.1,0,3/4,38,18,30.6
Colin Ingram,2019,31,69.5,567,14,8.12,40.5,29.9,0,2/15,34,24,27.9
Colin Munro,2016,11,22,204,7,9.27,29.1,18.9,0,2/37,15,7,22
Colin Munro,2018,5,7,74,1,10.57,74,42,0,1/37,3,5,23.8
Corey Anderson,2014,,,,,,,,,,,,
Corey Anderson,2017,2,4,33,1,8.25,33,24,0,1/21,2,2,41.7
Dale Steyn,2016,20,75,601,14,8.01,42.9,32.1,0,2/20,69,19,44.7
Dale Steyn,2020,25,95.2,672,39,7.05,17.2,14.7,0,3/10,63,22,47
Dan Christian,2021,,,,,,,,,,,,
Daniel Christian,2013,36,127.4,1026,33,8.04,31.1,23.2,1,5/26,95,31,41.5
Daniel Christian,2017,26,69,621,13,9,47.8,31.8,0,2/13,54,22,34.1
Daniel Christian,2018,46,118.5,1025,34,8.63,30.1,21,1,5/14,101,31,35.3
Daniel Sams,2022,33,115.1,968,44,8.41,22,15.7,0,4/33,87,31,42
Darcy Short,2018,,,,,,,,,,,,
Darren Bravo,2017,1,2,27,2,13.5,13.5,6,0,2/27,4,1,25
Darren Sammy,2013,,,,,,,,,,,,
Darren Sammy,2014,,,,,,,,,,,,
Darren Sammy,2015,,,,,,,,,,,,
Darren Sammy,2017,,,,,,,,,,,,
Darshan Nalkande,2019,,,,,,,,,,,,
Darshan Nalkande,2022,5,19,162,11,8.53,14.7,10.4,0,4/28,17,5,51.8
Daryl Mitchell,2022,,,,,,,,,,,,
David Miller,2018,,,,,,,,,,,,
David Miller,2020,,,,,,,,,,,,
David Miller,2022,,,,,,,,,,,,
David Warner,2014,,,,,,,,,,,,
David Warner,2022,1,0.1,2,0,12,-,-,0,0/2,0,0,100
David Wiese,2015,4,14,106,5,7.57,21.2,16.8,0,3/17,11,2,40.5
David Willey,2022,14,41.1,355,17,8.62,20.9,14.5,0,3/26,34,16,40.9
Dawid Malan,2021,8,14.5,119,0,8.02,-,-,0,0/3,9,4,32.6
Debabrata Das,2014,,,,,,,,,,,,
Deepak Chahar,2016,,,,,,,,,,,,
Deepak Chahar,2018,5,12,115,1,9.58,115,72,0,1/35,17,2,44.4
Deepak Chahar,2022,31,114,923,26,8.1,35.5,26.3,0,4/13,109,22,42.3
Deepak Hooda,2014,,,,,,,,,,,,
Deepak Hooda,2016,7,15.1,129,1,8.51,129,91,0,1/35,10,4,36.3
Deepak Hooda,2018,9,17,139,5,8.18,27.8,20.4,0,2/16,9,6,29.4
Deepak Hooda,2020,4,5,45,1,9,45,30,0,1/13,3,2,30
Deepak Hooda,2022,8,17,145,2,8.53,72.5,51,0,1/15,11,7,32.4
Deepak Punia,2016,,,,,,,,,,,,
Devdutt Padikkal,2019,,,,,,,,,,,,
Devdutt Padikkal,2022,,,,,,,,,,,,
Devon Conway,2022,,,,,,,,,,,,
Dewald Brevis,2022,,,,,,,,,,,,
Dhawal Kulkarni,2014,10,33.4,286,14,8.5,20.4,14.4,0,3/18,30,10,55
Dhawal Kulkarni,2016,19,62,498,19,8.03,26.2,19.6,0,2/9,59,15,52.7
Dhawal Kulkarni,2018,20,67.5,537,21,7.92,25.6,19.4,0,4/14,60,16,42.8
Dhruv Jurel,2022,,,,,,,,,,,,
Dhruv Shorey,2018,,,,,,,,,,,,
Digvijay Deshmukh,2020,,,,,,,,,,,,
Dinesh Karthik,2014,,,,,,,,,,,,
Dinesh Karthik,2015,,,,,,,,,,,,
Dinesh Karthik,2016,,,,,,,,,,,,
Dinesh Karthik,2018,,,,,,,,,,,,
Dinesh Karthik,2022,,,,,,,,,,,,
Dinesh Salunkhe,2015,,,,,,,,,,,,
Dirk Nannes,2013,26,98,737,25,7.52,29.5,23.5,0,4/17,71,24,52.9
Dishant Yagnik,2014,,,,,,,,,,,,
Dominic Drakes,2022,13,45.4,394,19,8.63,20.7,14.4,0,3/26,28,20,50.4
Domnic Joseph Muthuswamy,2015,,,,,,,,,,,,
Dushmanta Chameera,2022,,,,,,,,,,,,
Dushmantha Chameera,2018,,,,,,,,,,,,
Dwaine Pretorius,2022,,,,,,,,,,,,
Dwayne Bravo,2018,84,299,2503,111,8.37,22.5,16.2,1,5/28,173,98,38
Dwayne Bravo,2022,32,107,876,38,8.19,23.1,16.9,0,4/25,56,30,39.9
Dwayne Smith,2014,36,68.5,570,19,8.28,30,21.7,0,3/23,65,16,44.3
Dwayne Smith,2016,9,14.3,147,6,10.14,24.5,14.5,0,1/11,11,7,29.9
Eklavya Dwivedi,2015,,,,,,,,,,,,
Eklavya Dwivedi,2016,,,,,,,,,,,,
Eklavya Dwivedi,2017,,,,,,,,,,,,
Eoin Morgan,2015,,,,,,,,,,,,
Eoin Morgan,2017,,,,,,,,,,,,
Eoin Morgan,2020,,,,,,,,,,,,
Evin Lewis,2018,,,,,,,,,,,,
Evin Lewis,2022,,,,,,,,,,,,
Fabian Allen,2020,17,39.3,308,6,7.8,51.3,39.5,0,2/30,22,20,45.1
Fabian Allen,2021,8,16,139,2,8.69,69.5,48,0,2/30,8,12,47.9
Fabian Allen,2022,17,53,436,13,8.23,33.5,24.5,0,2/30,27,22,35.2
Faf Du Plessis,2014,4,7,68,1,9.71,68,42,0,1/3,4,3,21.4
Faf Du Plessis,2018,,,,,,,,,,,,
Faf Du Plessis,2022,,,,,,,,,,,,
Farhaan Behardien,2016,,,,,,,,,,,,
Fazalhaq Farooqi,2022,,,,,,,,,,,,
Fidel Edwards,2013,5,20,153,6,7.65,25.5,20,0,2/33,14,3,43.3
Finn Allen,2022,1,1,8,0,8,-,-,0,0/8,1,0,16.7
Gautam Gambhir,2018,,,,,,,,,,,,
George Bailey,2014,,,,,,,,,,,,
Glenn Maxwell,2013,10,17.3,131,2,7.49,65.5,52.5,0,1/10,11,4,40
Glenn Maxwell,2014,21,35.3,239,7,6.73,34.1,30.4,0,3/26,16,6,39
Glenn Maxwell,2018,20,36,275,9,7.64,30.6,24,0,2/15,21,7,34.3
Glenn Maxwell,2020,35,75,567,17,7.56,33.4,26.5,0,3/23,31,18,28.9
Glenn Maxwell,2021,44,109.5,825,22,7.51,37.5,30,0,3/23,50,28,28.7
Glenn Phillips,2022,12,22.2,203,6,9.09,33.8,22.3,0,2/22,18,9,35.1
Gurinder Sandhu,2015,20,70.4,542,24,7.67,22.6,17.7,0,3/19,48,15,42.5
Gurkeerat Singh Mann,2022,1,2,9,1,4.5,9,12,0,1/9,0,0,33.3
Gurkeerat Singh Mann,2018,3,4,31,2,7.75,15.5,12,0,2/15,1,1,37.5
Gurkeerat Singh Mann,2019,,,,,,,,,,,,
Gurkeerat Singh Mann,2014,,,,,,,,,,,,
Hanuma Vihari,2015,6,7,46,1,6.57,46,42,0,1/5,6,1,54.8
Hanuma Vihari,2019,,,,,,,,,,,,
Harbhajan Singh,2018,25,90,658,17,7.31,38.7,31.8,0,3/22,48,26,36.1
Harbhajan Singh,2021,11,44,312,16,7.09,19.5,16.5,0,3/20,21,15,46.2
Hardik Pandya,2015,,,,,,,,,,,,
Hardus Viljoen,2019,25,89.2,778,27,8.71,28.8,19.9,0,3/28,86,22,44
Harpreet Brar,2019,,,,,,,,,,,,
Harpreet Brar,2022,14,47.4,292,8,6.13,36.5,35.8,0,3/19,15,9,42
Harry Gurney,2019,30,106.3,882,41,8.28,21.5,15.6,0,4/17,81,27,38.7
Harshal Patel,2014,11,41,340,9,8.29,37.8,27.3,0,2/24,33,11,36.6
Harshal Patel,2018,6,18,190,4,10.56,47.5,27,0,3/43,21,8,38.9
Harshal Patel,2022,22,79.1,649,39,8.2,16.6,12.2,1,5/27,55,20,41.1
Heinrich Klaasen,2019,4,6,54,1,9,54,36,0,1/12,4,2,22.2
Himmat Singh,2019,,,,,,,,,,,,
Hrithik Shokeen,2022,,,,,,,,,,,,
HS Sharath,2014,,,,,,,,,,,,
Imran Tahir,2018,36,142,1083,46,7.63,23.5,18.5,0,4/17,61,49,34.2
Iqbal Abdullah,2014,,,,,,,,,,,,
Iqbal Abdullah,2016,,,,,,,,,,,,
Irfan Pathan,2014,35,122.2,913,20,7.46,45.6,36.7,0,2/19,109,26,47.8
Irfan Pathan,2015,25,75,587,14,7.83,41.9,32.1,0,2/10,64,19,43.6
Irfan Pathan,2016,10,23.4,205,4,8.66,51.2,35.5,0,2/10,15,11,33.1
Ishan Kishan,2016,,,,,,,,,,,,
Ishan Kishan,2018,,,,,,,,,,,,
Ishan Kishan,2022,,,,,,,,,,,,
Ishan Porel,2022,5,19,154,10,8.11,15.4,11.4,0,4/24,20,3,44.7
Ishank Jaggi,2017,,,,,,,,,,,,
Ishank Jaggi,2018,,,,,,,,,,,,
Ishant Sharma,2014,22,82.4,660,21,7.98,31.4,23.6,0,3/27,71,22,49
Ishant Sharma,2016,7,25,260,4,10.4,65,37.5,0,2/37,23,16,42.7
Ishant Sharma,2019,6,18,179,0,9.94,-,-,0,0/12,20,6,41.7
Ishwar Chandra Pandey,2014,,,,,,,,,,,,
Ishwar Chandra Pandey,2016,,,,,,,,,,,,
Isuru Udana,2020,15,53.5,403,17,7.49,23.7,19,0,3/15,31,8,40.6
J Suchith,2021,1,4,28,2,7,14,12,0,2/28,3,1,45.8
J Suchith,2015,,,,,,,,,,,,
Jacob Oram,2013,4,12,124,1,10.33,124,72,0,1/32,14,5,38.9
Jacques Kallis,2014,35,120,888,34,7.4,26.1,21.2,0,3/13,91,20,41.2
Jagadeesha Suchith,2022,7,25,199,3,7.96,66.3,50,0,2/24,11,8,26
Jalaj Saxena,2014,,,,,,,,,,,,
Jalaj Saxena,2015,2,3,24,1,8,24,18,0,1/3,4,0,44.4
Jalaj Saxena,2019,,,,,,,,,,,,
Jalaj Saxena,2021,,,,,,,,,,,,
James Faulkner,2013,16,58.2,437,24,7.49,18.2,14.6,0,4/46,37,16,48.3
James Neesham,2014,6,22,161,6,7.32,26.8,22,0,3/22,15,3,41.7
James Neesham,2015,19,54,460,15,8.52,30.7,21.6,0,3/22,44,17,43.2
James Neesham,2020,24,68.3,680,29,9.93,23.4,14.2,0,4/24,72,27,37.7
James Neesham,2021,31,90.3,861,31,9.51,27.8,17.5,0,3/18,82,36,37.9
James Neesham,2022,38,104,875,36,8.41,24.3,17.3,0,3/5,72,33,36.7
Jaskaran Singh,2016,,,,,,,,,,,,
Jason Behrendorff,2018,5,20,150,6,7.5,25,20,0,3/26,16,5,44.2
Jason Behrendorff,2022,24,78.4,554,26,7.04,21.3,18.2,0,3/22,59,18,50.4
Jason Holder,2013,,,,,,,,,,,,
Jason Holder,2014,18,56.1,436,11,7.76,39.6,30.6,0,2/19,44,16,49.9
Jason Holder,2016,25,83.4,629,16,7.52,39.3,31.4,0,4/27,52,26,47.2
Jason Holder,2022,37,133.5,1046,47,7.82,22.3,17.1,0,4/52,97,38,49.2
Jason Roy,2017,,,,,,,,,,,,
Jason Roy,2018,,,,,,,,,,,,
Jason Roy,2020,,,,,,,,,,,,
Jason Roy,2022,,,,,,,,,,,,
Jasprit Bumrah,2014,2,7,70,3,10,23.3,14,0,3/32,10,2,47.6
Jatin Saxena,2018,,,,,,,,,,,,
Javon Searless,2018,,,,,,,,,,,,
Jayant Yadav,2014,,,,,,,,,,,,
Jayant Yadav,2018,7,23,167,2,7.26,83.5,69,0,1/23,14,5,39.1
Jayant Yadav,2022,12,42,307,6,7.31,51.2,42,0,2/14,18,14,40.5
Jaydev Shah,2016,,,,,,,,,,,,
Jaydev Unadkat,2013,10,29,262,10,9.03,26.2,17.4,0,2/25,24,10,35.6
Jaydev Unadkat,2014,14,52,402,13,7.73,30.9,24,1,5/25,41,9,35.9
Jaydev Unadkat,2015,22,80.1,640,22,7.98,29.1,21.9,1,5/25,62,19,36.6
Jaydev Unadkat,2016,10,34.1,300,9,8.78,33.3,22.8,0,3/32,23,15,35.6
Jaydev Unadkat,2017,2,6,79,0,13.17,-,-,0,0/30,4,8,36.1
Jaydev Unadkat,2018,13,48.5,371,24,7.6,15.5,12.2,1,5/30,26,22,46.4
Jaydev Unadkat,2019,27,96.1,808,35,8.4,23.1,16.5,1,5/30,72,36,40.7
Jaydev Unadkat,2020,26,87.4,884,21,10.08,42.1,25,0,3/46,78,41,33.3
Jaydev Unadkat,2022,18,64.2,554,17,8.61,32.6,22.7,0,4/22,41,25,36.5
Jean-Paul Duminy,2014,9,20,169,3,8.45,56.3,40,0,2/27,8,9,35.8
Jean-Paul Duminy,2018,5,7,55,2,7.86,27.5,21,0,1/4,6,0,31
Jeevan Mendis,2013,3,10,73,1,7.3,73,60,0,1/19,4,2,30
Jesse Ryder,2013,11,22.2,188,5,8.42,37.6,26.8,0,1/8,15,7,32.8
Jhye Richardson,2021,21,76.4,544,26,7.1,20.9,17.7,0,4/19,52,13,51.1
Jitesh Sharma,2016,,,,,,,,,,,,
Jitesh Sharma,2022,,,,,,,,,,,,
Joe Denly,2019,22,61.1,469,24,7.67,19.5,15.3,0,3/25,35,16,34.6
Joel Paris,2016,7,25,188,9,7.52,20.9,16.7,0,3/22,21,4,46
Jofra Archer,2018,28,104.5,823,34,7.85,24.2,18.5,0,4/18,90,18,47.7
Jofra Archer,2022,15,58.4,385,20,6.56,19.2,17.6,0,3/19,32,18,55.4
Johan Botha,2013,34,122.2,844,27,6.9,31.3,27.2,0,3/6,61,27,39.4
John Hastings,2014,8,27.5,213,8,7.65,26.6,20.9,0,3/31,22,6,46.1
John Hastings,2016,40,143.2,1069,58,7.46,18.4,14.8,0,4/26,102,25,44.4
Jonny Bairstow,2019,,,,,,,,,,,,
Jonny Bairstow,2022,,,,,,,,,,,,
Jos Buttler,2016,,,,,,,,,,,,
Jos Buttler,2018,,,,,,,,,,,,
Josh Hazlewood,2014,11,42,271,16,6.45,16.9,15.8,0,3/20,24,8,55.2
Josh Hazlewood,2020,,,,,,,,,,,,
Josh Hazlewood,2022,17,63,469,17,7.44,27.6,22.2,0,3/24,48,16,46.3
Joshua Philippe,2020,,,,,,,,,,,,
Juan Theron,2015,11,40.3,344,14,8.49,24.6,17.4,0,4/35,26,15,37.4
Krishnappa Gowtham,2022,2,8,84,1,10.5,84,48,0,1/45,3,7,22.9
K.Bhagath Varma,2021,,,,,,,,,,,,
K.Bhagath Varma,2022,,,,,,,,,,,,
K.C Cariappa,2021,,,,,,,,,,,,
K.C Cariappa,2022,,,,,,,,,,,,
K.C. Cariappa,2015,,,,,,,,,,,,
K.C. Cariappa,2016,,,,,,,,,,,,
K.K. Jiyaz,2015,,,,,,,,,,,,
K.M. Asif,2022,,,,,,,,,,,,
K.S. Bharat,2022,,,,,,,,,,,,
Kagiso Rabada,2017,6,24,162,6,6.75,27,24,0,2/31,13,5,62.5
Kagiso Rabada,2018,12,45.2,350,12,7.72,29.2,22.7,0,2/20,33,10,55.1
Kagiso Rabada,2022,32,121.4,1004,45,8.25,22.3,16.2,0,4/24,83,45,43
Kamlesh Nagarkoti,2018,,,,,,,,,,,,
Kamlesh Nagarkoti,2022,12,36,317,7,8.81,45.3,30.9,0,2/13,22,15,32.9
Kane Richardson,2013,12,43.4,321,12,7.35,26.8,21.8,0,3/9,25,10,51.5
Kane Richardson,2014,14,51.3,381,14,7.4,27.2,22.1,0,3/9,31,12,51.1
Kane Richardson,2016,25,86.1,705,27,8.18,26.1,19.1,0,3/23,67,23,42.9
Kane Richardson,2020,25,97,730,43,7.53,17,13.5,0,4/22,76,21,43.6
Kane Williamson,2015,3,6,37,3,6.17,12.3,12,0,2/26,2,2,58.3
Kane Williamson,2018,1,1,7,0,7,-,-,0,0/7,1,0,33.3
Kanishk Seth,2018,,,,,,,,,,,,
Karan Sharma,2022,,,,,,,,,,,,
Karanveer Singh,2014,,,,,,,,,,,,
Karn Sharma,2014,16,41.1,279,12,6.78,23.2,20.6,0,2/19,17,15,45.7
Karn Sharma,2017,19,56.1,503,10,8.96,50.3,33.7,0,2/12,23,32,27.9
Karn Sharma,2018,14,47,385,13,8.19,29.6,21.7,0,4/16,23,21,37.6
Karn Sharma,2022,5,19,165,5,8.68,33,22.8,0,2/25,8,9,27.2
Kartik Tyagi,2020,,,,,,,,,,,,
Kartik Tyagi,2022,14,52.1,491,13,9.41,37.8,24.1,0,2/29,45,23,44.4
Karun Nair,2014,,,,,,,,,,,,
Karun Nair,2016,,,,,,,,,,,,
Karun Nair,2018,,,,,,,,,,,,
Karun Nair,2021,,,,,,,,,,,,
Karun Nair,2022,2,3,12,2,4,6,9,0,1/2,0,0,38.9
Kedar Jadhav,2014,,,,,,,,,,,,
Kedar Jadhav,2018,,,,,,,,,,,,
Kedar Jadhav,2021,,,,,,,,,,,,
Keemo Paul,2019,11,28,235,7,8.39,33.6,24,0,2/16,13,10,42.3
Kevin Pietersen,2014,5,10,89,0,8.9,-,-,0,0/10,9,2,36.7
Kevin Pietersen,2015,,,,,,,,,,,,
Kevin Pietersen,2016,2,2,20,0,10,-,-,0,0/7,2,0,8.3
Kevon Cooper,2014,,,,,,,,,,,,
Kieron Pollard,2018,29,63.2,602,20,9.51,30.1,19,0,4/16,36,34,34.2
Kishore Pramod Kamath,2016,,,,,,,,,,,,
KL Rahul,2014,,,,,,,,,,,,
KL Rahul,2018,,,,,,,,,,,,
Kona Srikar Bharat,2015,,,,,,,,,,,,
Kona Srikar Bharat,2021,,,,,,,,,,,,
Krishnappa Gowtham,2017,,,,,,,,,,,,
Krishnappa Gowtham,2018,,,,,,,,,,,,
Krishnappa Gowtham,2021,9,28,250,2,8.93,125,84,0,1/32,18,13,30.4
Krismar Santokie,2014,,,,,,,,,,,,
Krunal Pandya,2016,,,,,,,,,,,,
Krunal Pandya,2018,24,71.1,509,16,7.15,31.8,26.7,0,3/14,33,13,33.7
Krunal Pandya,2022,28,83.2,645,11,7.74,58.6,45.5,0,2/26,42,23,38.4
Kshitiz Sharma,2018,,,,,,,,,,,,
Kuldeep Sen,2022,3,11.2,82,3,7.24,27.3,22.7,0,3/21,10,1,45.6
Kuldeep Yadav,2014,,,,,,,,,,,,
Kuldeep Yadav,2018,14,53,440,18,8.3,24.4,17.7,0,3/35,22,24,35.2
Kuldeep Yadav,2022,4,12,92,1,7.67,92,72,0,1/20,1,5,30.6
Kuldip Yadav,2021,,,,,,,,,,,,
Kuldip Yadav,2022,1,2,16,0,8,-,-,0,0/16,3,0,41.7
Kulwant Khejroliya,2017,,,,,,,,,,,,
Kulwant Khejroliya,2018,,,,,,,,,,,,
Kusal Janith Perera,2013,,,,,,,,,,,,
Kyle Abbott,2015,16,62,512,10,8.26,51.2,37.2,0,2/14,50,14,39.2
Kyle Abbott,2016,22,83,695,17,8.37,40.9,29.3,1,5/14,74,17,42
Kyle Jamieson,2021,15,56.2,448,29,7.95,15.4,11.7,1,6/7,42,17,53.3
Kyle Mayers,2022,6,14.4,135,5,9.2,27,17.6,0,3/39,9,9,45.5
Lakshmipathy Balaji,2014,25,95,684,30,7.2,22.8,19,0,4/18,59,22,47.2
Lalit Yadav,2020,,,,,,,,,,,,
Lalit Yadav,2022,11,38,288,14,7.58,20.6,16.3,0,3/22,22,7,31.1
Lasith Malinga,2019,26,99.5,803,32,8.04,25.1,18.7,0,3/11,64,28,45.1
Laxmi Ratan Shukla,2014,4,5,34,2,6.8,17,15,0,1/5,4,0,40
Laxmi Ratan Shukla,2015,7,12.2,105,2,8.51,52.5,37,0,1/14,11,4,44.6
Liam Livingstone,2019,10,19.3,161,9,8.26,17.9,13,0,4/17,16,3,29.1
Liam Livingstone,2021,24,66.3,529,28,7.95,18.9,14.2,0,4/23,21,32,34.6
Liam Livingstone,2022,30,76.4,616,25,8.03,24.6,18.4,0,4/23,32,29,33.3
Lockie Ferguson,2017,,,,,,,,,,,,
Lockie Ferguson,2019,18,65,449,21,6.91,21.4,18.6,0,4/26,50,12,53.8
Lockie Ferguson,2022,32,118.1,861,45,7.29,19.1,15.8,0,4/19,82,25,45.7
Luke Pomersbach,2013,,,,,,,,,,,,
Lukman Hussain Meriwala,2021,,,,,,,,,,,,
Lungisani Ngidi,2018,,,,,,,,,,,,
Lungisani Ngidi,2022,7,28,292,14,10.43,20.9,12,0,3/28,26,16,41.1
Luvnith Sisodia,2022,,,,,,,,,,,,
M Siddharth,2020,,,,,,,,,,,,
M Siddharth,2021,,,,,,,,,,,,
M. Ashwin,2016,,,,,,,,,,,,
M. Ashwin,2017,,,,,,,,,,,,
M. Ashwin,2018,,,,,,,,,,,,
M. Ashwin,2019,,,,,,,,,,,,
M. Harisankar Reddy,2021,,,,,,,,,,,,
Washington Sundar,2018,10,30,185,8,6.17,23.1,22.5,0,3/16,17,6,48.3
Maheesh Theekshana,2022,11,42,285,16,6.79,17.8,15.8,0,4/25,25,8,44.8
Mahipal Lomror,2016,,,,,,,,,,,,
Mahipal Lomror,2018,,,,,,,,,,,,
Mahipal Lomror,2022,5,8,53,1,6.62,53,48,0,1/22,3,1,35.4
Manan Ajay Sharma,2016,,,,,,,,,,,,
Manan Vohra,2018,,,,,,,,,,,,
Manan Vohra,2019,,,,,,,,,,,,
Manan Vohra,2022,,,,,,,,,,,,
Mandeep Hardev Singh,2014,,,,,,,,,,,,
Mandeep Singh,2018,,,,,,,,,,,,
Mandeep Singh,2022,,,,,,,,,,,,
Manish Pandey,2014,,,,,,,,,,,,
Manish Pandey,2018,,,,,,,,,,,,
Manish Pandey,2022,,,,,,,,,,,,
Manjot Kalra,2018,,,,,,,,,,,,
Manoj Tiwary,2014,1,1,8,2,8,4,3,0,2/8,0,1,50
Manoj Tiwary,2017,,,,,,,,,,,,
Manoj Tiwary,2018,,,,,,,,,,,,
Manpreet Gony,2013,9,33,292,7,8.85,41.7,28.3,0,3/31,26,15,44.4
Manpreet Gony,2017,,,,,,,,,,,,
Manprit Juneja,2014,,,,,,,,,,,,
Manvinder Bisla,2014,,,,,,,,,,,,
Manzoor Dar,2018,,,,,,,,,,,,
Marchant De Lange,2014,7,25,234,10,9.36,23.4,15,0,3/13,24,11,48.7
Marco Jansen,2021,3,10,105,1,10.5,105,60,0,1/41,11,4,35
Marco Jansen,2022,2,6,45,2,7.5,22.5,18,0,2/28,5,0,47.2
Marcus Stoinis,2015,3,5,42,2,8.4,21,15,0,2/12,4,1,30
Marcus Stoinis,2016,3,5,42,2,8.4,21,15,0,2/12,4,1,30
Marcus Stoinis,2018,28,73.3,616,26,8.38,23.7,17,0,4/15,50,18,34.7
Marcus Stoinis,2020,30,77.3,714,24,9.21,29.8,19.4,0,4/17,63,28,35.9
Mark Wood,2018,5,20,122,9,6.1,13.6,13.3,0,4/25,17,1,60
Mark Wood,2022,1,4,24,1,6,24,24,0,1/24,1,1,41.7
Martin Guptill,2017,,,,,,,,,,,,
Martin Guptill,2019,,,,,,,,,,,,
Matt Henry,2014,,,,,,,,,,,,
Matt Henry,2017,10,33.3,325,7,9.7,46.4,28.7,0,3/15,37,9,36.3
Matthew Wade,2022,,,,,,,,,,,,
Mayank Agarwal,2014,,,,,,,,,,,,
Mayank Agarwal,2018,,,,,,,,,,,,
Mayank Dagar,2018,,,,,,,,,,,,
Mayank Markande,2018,,,,,,,,,,,,
Mayank Markande,2022,7,24,164,7,6.83,23.4,20.6,0,2/25,10,4,34
Mayank Yadav,2022,,,,,,,,,,,,
Michael Clarke,2013,5,11,67,2,6.09,33.5,33,0,1/12,4,2,36.4
Michael Hussey,2014,,,,,,,,,,,,
Michael Hussey,2015,,,,,,,,,,,,
Midhun S,2018,,,,,,,,,,,,
Milind Kumar,2014,,,,,,,,,,,,
Milind Kumar,2019,,,,,,,,,,,,
Milind Tandon,2017,,,,,,,,,,,,
Mitchell Johnson,2014,22,82,623,26,7.6,24,18.9,0,3/27,82,13,55.3
Mitchell Johnson,2017,15,58.5,536,16,9.11,33.5,22.1,0,3/33,68,16,46.2
Mitchell Johnson,2018,21,81,537,28,6.63,19.2,17.4,0,3/3,66,8,53.3
Mitchell Marsh,2016,7,19,173,4,9.11,43.2,28.5,0,2/12,15,8,39.5
Mitchell Marsh,2020,7,14,171,1,12.21,171,84,0,1/26,17,8,23.8
Mitchell Marsh,2022,18,41.1,322,13,7.82,24.8,19,0,2/10,32,8,40.5
Mitchell McClenaghan,2015,14,54,467,20,8.65,23.4,16.2,1,5/29,44,16,44.8
Mitchell Santner,2018,14,55,368,15,6.69,24.5,22,0,3/16,31,8,41.8
Mitchell Santner,2022,15,49.4,355,10,7.15,35.5,29.8,0,2/10,23,15,46.3
Mitchell Starc,2014,10,38.3,285,24,7.4,11.9,9.6,0,3/17,32,10,57.6
Mitchell Starc,2018,,,,,,,,,,,,
Mithun Manhas,2014,,,,,,,,,,,,
Moeen Ali,2018,2,8,60,3,7.5,20,16,0,2/44,3,3,45.8
Moeen Ali,2021,27,70,525,24,7.5,21.9,17.5,0,4/18,33,26,36.4
Mohammad Nabi,2017,28,91.2,635,30,6.95,21.2,18.3,0,4/24,48,27,46.7
Mohammad Nabi,2018,42,139,903,42,6.5,21.5,19.9,0,4/24,49,44,46.4
Mohammad Nabi,2022,55,170.5,1168,44,6.84,26.5,23.3,1,5/15,71,43,38.2
Mohammad Shami,2014,,,,,,,,,,,,
Mohammad Shami,2018,,,,,,,,,,,,
Mohammad Shami,2019,,,,,,,,,,,,
Mohammad Shami,2022,,,,,,,,,,,,
Mohammed Azharudeen,2021,,,,,,,,,,,,
Mohammed Siraj,2017,,,,,,,,,,,,
Mohammed Siraj,2018,6,23,212,10,9.22,21.2,13.8,0,4/32,22,9,38.4
Mohd. Arshad Khan,2022,,,,,,,,,,,,
Mohit Sharma,2014,19,65.4,466,23,7.1,20.3,17.1,0,3/10,63,11,52.8
Mohit Sharma,2016,37,126.5,1063,45,8.38,23.6,16.9,0,4/14,112,33,38.6
Mohit Sharma,2018,28,94.1,817,26,8.68,31.4,21.7,0,3/23,83,27,36.3
Mohit Sharma,2019,23,75.2,732,20,9.72,36.6,22.6,0,2/24,71,32,32.7
Mohit Sharma,2020,10,32.4,349,8,10.68,43.6,24.5,0,2/33,37,15,32.7
Mohsin Khan,2018,,,,,,,,,,,,
Mohsin Khan,2020,,,,,,,,,,,,
Mohsin Khan,2022,,,,,,,,,,,,
Moises Henriques,2013,19,54.1,469,15,8.66,31.3,21.7,0,3/23,45,14,36.9
Moises Henriques,2014,23,62,542,21,8.74,25.8,17.7,0,3/23,56,15,40.3
Moises Henriques,2019,23,41,413,7,10.07,59,35.1,0,2/25,40,17,28.5
Moises Henriques,2021,7,9,80,2,8.89,40,27,0,1/9,10,0,25.9
Monu Singh,2018,,,,,,,,,,,,
Morne Morkel,2014,33,131,1008,41,7.69,24.6,19.2,0,4/20,106,29,45.9
Mujeeb Zadran,2018,,,,,,,,,,,,
Mujeeb Zadran,2021,,,,,,,,,,,,
Mukesh Choudhary,2022,4,13,89,4,6.85,22.2,19.5,0,1/5,9,2,61.5
Munaf Patel,2017,,,,,,,,,,,,
Murali Kartik,2014,22,75,550,13,7.33,42.3,34.6,0,2/14,35,16,36.9
Murali Vijay,2014,,,,,,,,,,,,
Murali Vijay,2015,1,1,13,0,13,-,-,0,0/13,3,0,33.3
Murali Vijay,2018,1,1,8,0,8,-,-,0,0/8,1,0,50
Murugan Ashwin,2022,25,91.3,628,24,6.86,26.2,22.9,0,3/16,37,21,38.6
Mustafizur Rahman,2016,10,37.3,214,14,5.71,15.3,16.1,0,3/14,19,3,48.9
Mustafizur Rahman,2018,24,90.1,669,25,7.42,26.8,21.6,0,4/23,50,23,43.6
Mustafizur Rahman,2021,34,128.5,851,54,6.61,15.8,14.3,0,4/5,69,25,54.2
Mustafizur Rahman,2022,28,104.5,794,44,7.57,18,14.3,0,4/5,63,27,47.9
Muttiah Muralitharan,2014,42,160,1024,46,6.4,22.3,20.9,0,3/12,52,39,42
N Jagadeesan,2018,,,,,,,,,,,,
N. Jagadeesan,2022,,,,,,,,,,,,
N. Tilak Varma,2022,,,,,,,,,,,,
Naman Ojha,2014,,,,,,,,,,,,
Naman Ojha,2018,,,,,,,,,,,,
Nathan Coulter-Nile,2013,15,51.3,396,15,7.69,26.4,20.6,0,3/9,33,17,48.9
Nathan Coulter-Nile,2014,26,92.5,687,33,7.4,20.8,16.9,0,3/9,60,25,47.2
Nathan Coulter-Nile,2017,18,68.3,516,22,7.53,23.5,18.7,0,4/20,60,14,49.9
Nathan Coulter-Nile,2018,12,43.2,342,18,7.89,19,14.4,0,3/20,44,7,47.3
Nathan Coulter-Nile,2020,15,57,424,16,7.44,26.5,21.4,0,3/25,43,12,46.2
Nathan Coulter-Nile,2021,31,109.5,809,30,7.37,27,22,0,4/10,69,27,45.7
Nathan Coulter-Nile,2022,33,118.5,902,36,7.59,25.1,19.8,0,4/10,76,31,42.5
Nathan Ellis,2022,36,135.3,1119,41,8.26,27.3,19.8,0,4/34,91,35,37.3
Nathan McCullum,2013,7,18,118,6,6.56,19.7,18,0,3/24,9,5,45.4
Nathu Singh,2016,,,,,,,,,,,,
Nathu Singh,2017,,,,,,,,,,,,
Nathu Singh,2019,2,4,15,1,3.75,15,24,0,1/7,2,0,70.8
Navdeep Saini,2017,,,,,,,,,,,,
Navdeep Saini,2018,,,,,,,,,,,,
Navdeep Saini,2022,15,49.4,431,6,8.68,71.8,49.7,0,2/25,39,20,45.3
Nic Maddinson,2014,,,,,,,,,,,,
Nicolas Pooran,2022,,,,,,,,,,,,
Nicolas Pooran,2017,,,,,,,,,,,,
Nicolas Pooran,2019,,,,,,,,,,,,
Nidheesh M D Dinesan,2018,,,,,,,,,,,,
Nikhil Shankar Naik,2015,,,,,,,,,,,,
Nikhil Shankar Naik,2019,,,,,,,,,,,,
Nikhil Shankar Naik,2020,,,,,,,,,,,,
Nitish Rana,2015,,,,,,,,,,,,
Nitish Rana,2018,1,1,3,0,3,-,-,0,0/3,0,0,50
Nitish Rana,2022,6,7.1,58,1,8.09,58,43,0,1/12,5,1,27.9
Noor Ahmad,2022,26,97.1,723,25,7.44,28.9,23.3,0,2/12,50,24,49.9
Obed Mccoy,2022,,,,,,,,,,,,
Odean Smith,2022,,,,,,,,,,,,
Oshane Thomas,2019,12,44,381,22,8.66,17.3,12,0,3/31,35,21,58.3
Oshane Thomas,2020,20,72,676,32,9.39,21.1,13.5,0,4/53,67,34,53.5
Pankaj Jaswal,2019,,,,,,,,,,,,
Pankaj Singh,2013,7,23,193,7,8.39,27.6,19.7,0,2/18,28,5,45.7
Paras Dogra,2016,,,,,,,,,,,,
Pardeep Sahu,2015,,,,,,,,,,,,
Pardeep Sahu,2016,,,,,,,,,,,,
Pardeep Sahu,2018,5,17.3,146,3,8.34,48.7,35,0,2/18,11,5,27.6
Parthiv Patel,2014,,,,,,,,,,,,
Parthiv Patel,2018,,,,,,,,,,,,
Parveez Rasool,2014,,,,,,,,,,,,
Parvinder Awana,2014,26,101,784,32,7.76,24.5,18.9,0,4/34,77,26,45.7
Pat Cummins,2018,18,69.1,585,22,8.46,26.6,18.9,0,2/20,62,16,41.7
Pat Cummins,2020,1,4,28,2,7,14,12,0,2/28,3,1,66.7
Pat Cummins,2022,21,78.5,646,21,8.19,30.8,22.5,0,4/34,61,27,45.7
Pat Cummins,2014,6,24,187,6,7.79,31.2,24,0,2/13,26,3,50.7
Pat Cummins,2017,9,33,300,6,9.09,50,33,0,2/46,31,11,51
Pavan Deshpande,2018,,,,,,,,,,,,
Pavan Deshpande,2020,,,,,,,,,,,,
Pawan Negi,2014,10,35,231,8,6.6,28.9,26.2,0,4/18,13,8,38.6
Pawan Negi,2016,14,45,377,13,8.38,29,20.8,1,5/22,25,18,33.3
Pawan Negi,2017,15,39,336,7,8.62,48,33.4,0,2/25,26,14,30.3
Pawan Negi,2018,17,41.1,281,17,6.83,16.5,14.5,0,3/10,16,12,41.7
Pawan Negi,2021,4,11.1,102,3,9.13,34,22.3,0,2/21,8,6,41.8
Pawan Suyal,2014,1,3,21,1,7,21,18,0,1/21,2,1,61.1
Pawan Suyal,2016,4,13,130,1,10,130,78,0,1/35,14,4,47.4
Peter Handscomb,2016,,,,,,,,,,,,
Philip Hughes,2013,,,,,,,,,,,,
Piyush Chawla,2014,32,115.2,837,27,7.26,31,25.6,0,3/18,58,31,36.8
Piyush Chawla,2018,17,55.2,452,17,8.17,26.6,19.5,0,2/21,29,21,37
Piyush Chawla,2020,28,93.3,811,24,8.67,33.8,23.4,0,3/20,75,36,35.5
Piyush Chawla,2021,20,65.3,590,16,9.01,36.9,24.6,0,3/20,44,31,31.8
Prabhsimran Singh,2019,,,,,,,,,,,,
Prabhsimran Singh,2020,,,,,,,,,,,,
Prabhsimran Singh,2022,,,,,,,,,,,,
Pradeep Sangwan,2016,,,,,,,,,,,,
Pradeep Sangwan,2018,7,22,230,5,10.45,46,26.4,0,2/38,30,10,43.9
Pradeep Sangwan,2022,4,15,131,7,8.73,18.7,12.9,0,3/20,8,9,44.4
Pragyan Ojha,2014,32,105.2,777,32,7.38,24.3,19.8,0,3/11,43,38,38.1
Pragyan Ojha,2015,35,122.4,935,30,7.62,31.2,24.5,0,3/11,59,45,39.1
Prasanth Padmanabhan,2015,,,,,,,,,,,,
Prasanth Parameswaran,2014,3,10,87,5,8.7,17.4,12,0,3/30,9,3,45
Prashant Chopra,2018,,,,,,,,,,,,
Prashant Solanki,2022,,,,,,,,,,,,
Prasidh Krishna,2022,17,59,535,16,9.07,33.4,22.1,0,3/29,54,20,47.5
Pratham Singh,2017,,,,,,,,,,,,
Pratham Singh,2022,,,,,,,,,,,,
Pratyush Singh,2015,,,,,,,,,,,,
Pratyush Singh,2016,,,,,,,,,,,,
Praveen Dubey,2016,,,,,,,,,,,,
Praveen Dubey,2017,,,,,,,,,,,,
Praveen Kumar,2015,19,71.2,466,15,6.53,31.1,28.5,0,2/10,42,15,54
Praveen Kumar,2016,16,51,422,10,8.27,42.2,30.6,0,2/31,37,18,45.8
Pravin Dubey,2022,,,,,,,,,,,,
Pravin Tambe,2014,8,30,166,13,5.53,12.8,13.8,0,4/15,15,1,46.1
Pravin Tambe,2016,23,83,622,22,7.49,28.3,22.6,0,4/20,43,21,35.5
Pravin Tambe,2017,17,50,409,12,8.18,34.1,25,0,2/12,28,18,32.3
Pravin Tambe,2020,,,,,,,,,,,,
Prayas Ray Barman,2019,,,,,,,,,,,,
Prerak Mankad,2022,5,13,133,6,10.23,22.2,13,0,4/48,13,5,26.9
Prince Balwant Rai Singh,2020,,,,,,,,,,,,
Prithvi Raj Yarra,2019,,,,,,,,,,,,
Prithvi Shaw,2018,,,,,,,,,,,,
Priyam Garg,2020,,,,,,,,,,,,
Priyam Garg,2022,,,,,,,,,,,,
Quinton De Kock,2013,,,,,,,,,,,,
Quinton De Kock,2014,,,,,,,,,,,,
Quinton De Kock,2018,,,,,,,,,,,,
Quinton De Kock,2022,,,,,,,,,,,,
R Samarth,2022,,,,,,,,,,,,
R. Ashwin,2022,,,,,,,,,,,,
R. Sai Kishore,2020,,,,,,,,,,,,
R. Sai Kishore,2022,,,,,,,,,,,,
R. Sanjay Yadav,2017,,,,,,,,,,,,
Rahul Ajay Tripathi,2017,,,,,,,,,,,,
Rahul Buddhi,2022,1,0.2,4,0,12,-,-,0,0/4,1,0,50
Rahul Chahar,2017,,,,,,,,,,,,
Rahul Chahar,2018,2,7,58,2,8.29,29,21,0,1/26,4,3,50
Rahul Chahar,2022,29,108,827,34,7.66,24.3,19.1,1,5/14,51,37,36
Rahul Sharma,2014,22,78,581,18,7.45,32.3,26,0,2/16,41,23,34.8
Rahul Sharma,2015,13,47,346,10,7.36,34.6,28.2,0,2/16,24,12,34
Rahul Shukla,2014,8,24,209,8,8.71,26.1,18,0,3/23,23,4,43.8
Rahul Tewatia,2014,,,,,,,,,,,,
Rahul Tewatia,2017,1,3,31,1,10.33,31,18,0,1/31,2,2,33.3
Rahul Tewatia,2018,3,9,49,3,5.44,16.3,18,0,2/18,1,3,48.1
Rahul Tewatia,2022,32,95,762,21,8.02,36.3,27.1,0,3/25,39,38,33.2
Rahul Tripathi,2018,1,1,12,0,12,-,-,0,0/12,2,0,0
Rahul Tripathi,2020,,,,,,,,,,,,
Rahul Tripathi,2022,,,,,,,,,,,,
Raj Angad Bawa,2022,,,,,,,,,,,,
Rajagopal Sathish,2016,,,,,,,,,,,,
Rajat Bhatia,2014,32,98,727,24,7.42,30.3,24.5,0,2/14,44,21,26.7
Rajat Bhatia,2016,14,43,329,12,7.65,27.4,21.5,0,3/23,17,12,27.9
Rajat Patidar,2021,,,,,,,,,,,,
Rajvardhan Hangargekar,2022,,,,,,,,,,,,
Ramandeep Singh,2022,2,6,34,2,5.67,17,18,0,2/22,2,0,38.9
Ramesh Kumar,2022,,,,,,,,,,,,
Ranganath Vinay Kumar,2014,,,,,,,,,,,,
Ranganath Vinay Kumar,2018,,,,,,,,,,,,
Rashid Khan Arman,2017,,,,,,,,,,,,
Rashid Khan Arman,2018,,,,,,,,,,,,
Rasikh Dar,2019,,,,,,,,,,,,
Rasikh Dar,2022,,,,,,,,,,,,
Rassie Van Der Dussen,2022,,,,,,,,,,,,
Ravi Bishnoi,2020,,,,,,,,,,,,
Ravi Bopara,2015,28,88.4,674,24,7.6,28.1,22.2,0,3/12,48,13,34
Ravi Rampaul,2013,7,28,172,13,6.14,13.2,12.9,0,4/14,23,0,50
Ravi Rampaul,2014,16,60.2,427,20,7.08,21.4,18.1,0,4/14,35,17,51.4
Ravichandran Ashwin,2018,14,44,319,10,7.25,31.9,26.4,0,4/34,22,10,41.3
Ricky Bhui,2014,,,,,,,,,,,,
Ricky Bhui,2018,,,,,,,,,,,,
Ricky Ponting,2013,2,2,23,1,11.5,23,12,0,1/11,0,2,33.3
Riley Meredith,2021,21,77.4,610,30,7.85,20.3,15.5,0,4/21,64,14,49.8
Riley Meredith,2022,25,89.2,740,31,8.28,23.9,17.3,0,3/21,69,24,44.8
Rinku Singh,2017,,,,,,,,,,,,
Rinku Singh,2018,,,,,,,,,,,,
Rinku Singh,2022,,,,,,,,,,,,
Ripal Patel,2021,,,,,,,,,,,,
Ripal Patel,2022,1,3,22,0,7.33,-,-,0,0/22,2,0,38.9
Rishabh Pant,2016,,,,,,,,,,,,
Rishi Dhawan,2014,10,33,241,5,7.3,48.2,39.6,0,1/6,21,8,47.5
Rishi Dhawan,2017,7,19,166,3,8.74,55.3,38,0,1/12,16,3,36.8
Rishi Dhawan,2022,5,16.5,137,11,8.14,12.5,9.2,1,6/23,12,6,43.6
Riyan Parag,2019,,,,,,,,,,,,
Riyan Parag,2022,11,19.1,179,4,9.34,44.8,28.8,0,2/28,11,9,28.7
Robin Uthappa,2014,,,,,,,,,,,,
Robin Uthappa,2018,,,,,,,,,,,,
Robin Uthappa,2020,,,,,,,,,,,,
Robin Uthappa,2022,,,,,,,,,,,,
Romario Shepherd,2022,16,52,393,24,7.56,16.4,13,0,3/15,31,19,54.5
Ronit More,2014,,,,,,,,,,,,
Ross Taylor,2014,,,,,,,,,,,,
Rovman Powell,2017,7,18,182,2,10.11,91,54,0,2/45,9,11,28.7
Rovman Powell,2022,12,28,283,5,10.11,56.6,33.6,0,1/8,20,14,44
Rudra Pratap Singh,2013,25,91,663,23,7.29,28.8,23.7,0,4/25,77,14,52
Rudra Pratap Singh,2016,,,,,,,,,,,,
Ruturaj Gaikwad,2019,,,,,,,,,,,,
Ryan McLaren,2013,6,18,178,5,9.89,35.6,21.6,0,2/33,24,3,31.5
Ryan Ten Doeschate,2014,17,36.2,323,7,8.89,46.1,31.1,0,2/9,23,10,27.1
Sachin Baby,2016,,,,,,,,,,,,
Sachin Baby,2018,2,1.4,8,2,4.8,4,5,0,2/4,1,0,50
Sachin Baby,2021,,,,,,,,,,,,
Sachin Rana,2014,,,,,,,,,,,,
Sachithra Senanayaka,2013,,,,,,,,,,,,
Sagar Trivedi,2015,,,,,,,,,,,,
Sam Billings,2016,,,,,,,,,,,,
Sam Billings,2018,,,,,,,,,,,,
Sam Billings,2021,,,,,,,,,,,,
Sam Billings,2022,,,,,,,,,,,,
Sam Curran,2019,25,85,719,24,8.46,30,21.2,0,4/13,70,23,43.9
Sam Curran,2020,25,82.3,740,22,8.97,33.6,22.5,0,4/11,72,24,37.4
Samuel Badree,2014,16,58,380,11,6.55,34.5,31.6,0,2/18,33,9,46
Samuel Badree,2016,30,103,625,27,6.07,23.1,22.9,0,3/13,46,27,51.8
Sandeep Bavanaka,2020,,,,,,,,,,,,
Sandeep Lamichhane,2018,,,,,,,,,,,,
Sandeep Sharma,2014,4,16,119,8,7.44,14.9,12,0,3/21,14,4,49
Sandeep Sharma,2018,27,98,764,32,7.8,23.9,18.4,0,4/20,77,26,46.3
Sandeep Sharma,2022,22,81.5,629,20,7.69,31.4,24.6,0,3/34,56,21,39.3
Sandeep Warrier,2014,,,,,,,,,,,,
Sanjay Yadav,2020,,,,,,,,,,,,
Sanjay Yadav,2022,3,10,65,3,6.5,21.7,20,0,2/23,6,0,36.7
Sanju Samson,2016,,,,,,,,,,,,
Sanju Samson,2018,,,,,,,,,,,,
Sarabjit Ladda,2016,,,,,,,,,,,,
Sarfaraz Khan,2022,1,1,3,0,3,-,-,0,0/3,0,0,50
Sarfaraz Naushad Khan,2015,,,,,,,,,,,,
Sarfaraz Naushad Khan,2019,,,,,,,,,,,,
Saurabh Dubey,2022,,,,,,,,,,,,
Saurabh Kumar,2017,,,,,,,,,,,,
Saurabh Kumar,2021,,,,,,,,,,,,
Saurabh Tiwary,2014,,,,,,,,,,,,
Saurabh Tiwary,2017,,,,,,,,,,,,
Saurabh Tiwary,2018,,,,,,,,,,,,
Saurabh Tiwary,2020,,,,,,,,,,,,
Sayan Ghosh,2017,,,,,,,,,,,,
Sayan Ghosh,2018,,,,,,,,,,,,
Sayan Sekhar Mandal,2014,,,,,,,,,,,,
Scott Boland,2016,12,44,360,14,8.18,25.7,18.9,0,2/10,31,12,39.8
Sean Abbott,2015,7,23,180,6,7.83,30,23,0,2/20,17,5,39.9
Sean Abbott,2022,11,38.1,313,22,8.2,14.2,10.4,0,4/31,27,14,40.6
Shadab Jakati,2014,15,41,336,9,8.2,37.3,27.3,0,2/14,27,13,32.1
Shadab Jakati,2016,1,3.4,41,0,11.18,-,-,0,0/41,2,3,18.2
Shahbaz Ahamad,2020,,,,,,,,,,,,
Shahbaz Ahamad,2022,,,,,,,,,,,,
Shahbaz Nadeem,2014,24,89,577,17,6.48,33.9,31.4,0,3/16,37,17,37.1
Shahbaz Nadeem,2018,11,32.5,246,8,7.49,30.8,24.6,0,2/13,19,11,41.6
Shahbaz Nadeem,2022,15,46.5,355,10,7.58,35.5,28.1,0,2/19,28,9,31.3
Shahrukh Khan,2021,,,,,,,,,,,,
Shahrukh Khan,2022,,,,,,,,,,,,
Shakib Al Hasan,2014,50,184.5,1203,61,6.51,19.7,18.2,1,6/6,85,44,46.2
Shakib Al Hasan,2018,62,204.5,1453,62,7.09,23.4,19.8,1,5/16,105,62,42.5
Shakib Al Hasan,2021,33,120,849,34,7.08,25,21.2,0,4/16,51,47,46
Shane Watson,2016,23,60,504,17,8.4,29.6,21.2,0,3/13,52,16,50.8
Shane Watson,2018,67,215.2,1832,63,8.51,29.1,20.5,0,4/29,161,67,39.2
Sharad Lumba,2018,,,,,,,,,,,,
Shardul Thakur,2014,,,,,,,,,,,,
Shardul Thakur,2018,12,38.1,315,11,8.25,28.6,20.8,0,3/19,39,5,43.2
Shardul Thakur,2022,25,92.1,802,31,8.7,25.9,17.8,0,3/28,77,25,43.6
Shashank Singh,2017,,,,,,,,,,,,
Shashank Singh,2019,,,,,,,,,,,,
Shashank Singh,2022,,,,,,,,,,,,
Shaun Marsh,2014,,,,,,,,,,,,
Sheldon Cottrell,2020,25,89.2,739,39,8.27,18.9,13.7,0,4/19,74,35,52.2
Sheldon Jackson,2015,,,,,,,,,,,,
Sheldon Jackson,2021,,,,,,,,,,,,
Sheldon Jackson,2022,,,,,,,,,,,,
Shelley Shaurya,2017,,,,,,,,,,,,
Sherfane Rutherford,2019,9,24,186,7,7.75,26.6,20.6,0,2/25,10,8,51.4
Sherfane Rutherford,2022,3,12,78,5,6.5,15.6,14.4,0,3/19,8,1,50
Shikhar Dhawan,2018,,,,,,,,,,,,
Shikhar Dhawan,2022,,,,,,,,,,,,
Shimron Hetmyer,2019,,,,,,,,,,,,
Shimron Hetmyer,2020,,,,,,,,,,,,
Shimron Hetmyer,2022,,,,,,,,,,,,
Shishir Bhavane,2015,,,,,,,,,,,,
Shivam Dube,2019,,,,,,,,,,,,
Shivam Dube,2021,7,10.4,81,4,7.59,20.2,16,0,2/15,6,2,29.7
Shivam Dube,2022,13,26,212,7,8.15,30.3,22.3,0,2/8,12,12,37.2
Shivam Mavi,2018,,,,,,,,,,,,
Shivam Mavi,2022,17,58.1,445,20,7.65,22.2,17.4,0,4/21,52,9,48.4
Shivam Sharma,2014,,,,,,,,,,,,
Shivil Kaushik,2016,,,,,,,,,,,,
Shreevats Goswami,2018,,,,,,,,,,,,
Shreyas Gopal,2014,,,,,,,,,,,,
Shreyas Gopal,2018,1,3,18,0,6,-,-,0,0/18,1,0,27.8
Shreyas Gopal,2022,18,59.4,528,10,8.85,52.8,35.8,0,2/28,37,26,29.9
Shreyas Iyer,2015,,,,,,,,,,,,
Shreyas Iyer,2022,,,,,,,,,,,,
Shrikant Mundhe,2019,,,,,,,,,,,,
Shubam Agrawal,2017,,,,,,,,,,,,
Shubham Garhwal,2022,,,,,,,,,,,,
Shubham Ranjane,2019,,,,,,,,,,,,
Shubman Gill,2018,,,,,,,,,,,,
Siddarth Kaul,2014,6,21.5,170,4,7.79,42.5,32.8,0,2/27,17,4,36.6
Siddarth Kaul,2015,11,34.5,296,6,8.5,49.3,34.8,0,2/27,29,9,37.8
Siddarth Kaul,2018,10,35.4,300,16,8.41,18.8,13.4,0,4/29,21,13,35
Siddharth Kaul,2022,,,,,,,,,,,,
Siddhesh Dinesh Lad,2015,,,,,,,,,,,,
Siddhesh Dinesh Lad,2018,,,,,,,,,,,,
Simarjeet Singh,2022,4,13.5,122,7,8.82,17.4,11.9,0,2/21,10,7,43.4
Srikkanth Anirudha,2014,,,,,,,,,,,,
Steven Smith,2014,5,12.2,98,3,7.95,32.7,24.7,0,2/22,3,7,33.8
Steven Smith,2021,1,1,4,0,4,-,-,0,0/4,1,0,83.3
Stuart Binny,2016,18,28,204,7,7.29,29.1,24,0,2/27,20,7,49.4
Stuart Binny,2018,15,23,184,5,8,36.8,27.6,0,1/9,22,1,29
Subhranshu Senapati,2022,,,,,,,,,,,,
Subramaniam Badrinath,2015,,,,,,,,,,,,
Sudeep Tyagi,2013,,,,,,,,,,,,
Sumit Narwal,2015,1,2,17,0,8.5,-,-,0,0/17,3,0,66.7
Suryakumar Yadav,2014,,,,,,,,,,,,
Suryakumar Yadav,2018,,,,,,,,,,,,
Sushant Marathe,2014,,,,,,,,,,,,
Suyash Prabhudesai,2021,,,,,,,,,,,,
Suyash Prabhudessai,2022,3,8,62,1,7.75,62,48,0,1/9,3,1,25
Swapnil Singh,2016,,,,,,,,,,,,
Syed Khaleel Ahmed,2016,,,,,,,,,,,,
Syed Khaleel Ahmed,2018,,,,,,,,,,,,
Syed Khaleel Ahmed,2022,,,,,,,,,,,,
Syed Mehdi Hasan,2018,,,,,,,,,,,,
T Natarajan,2017,,,,,,,,,,,,
T Natarajan,2018,6,12.4,115,2,9.08,57.5,38,0,1/26,9,5,40.8
T. Natarajan,2022,,,,,,,,,,,,
Tajinder Dhillon,2018,,,,,,,,,,,,
Tajinder Dhillon,2020,,,,,,,,,,,,
Tanmay Agarwal,2017,,,,,,,,,,,,
Tanmay Agarwal,2018,,,,,,,,,,,,
Tanmay Mishra,2014,,,,,,,,,,,,
Tejas Baroka,2022,,,,,,,,,,,,
Tejas Singh Baroka,2017,,,,,,,,,,,,
Thisara Perera,2013,12,31.5,272,6,8.54,45.3,31.8,0,3/27,25,7,30.4
Thisara Perera,2014,30,97,848,29,8.74,29.2,20.1,0,3/18,82,28,37.6
Thisara Perera,2016,19,56.2,411,26,7.3,15.8,13,1,5/26,49,7,50
Tim David,2022,10,13.4,89,1,6.51,89,82,0,1/4,3,2,30.5
Tim Seifert,2022,,,,,,,,,,,,
Tim Southee,2014,,,,,,,,,,,,
Tim Southee,2016,17,61.4,510,14,8.27,36.4,26.4,0,3/22,49,17,48.6
Tim Southee,2018,27,102,822,27,8.06,30.4,22.7,0,3/9,80,20,39.9
Tim Southee,2022,7,27,213,11,7.89,19.4,14.7,0,3/41,22,6,37.7
Tirumalasetti Suman,2016,,,,,,,,,,,,
Tom Banton,2020,,,,,,,,,,,,
Tom Curran,2020,48,162,1450,68,8.95,21.3,14.3,0,3/3,121,60,37.6
Tom Curran,2021,44,157.1,1435,61,9.13,23.5,15.5,0,4/22,122,56,36.3
Travis Head,2015,2,2,14,0,7,-,-,0,0/6,1,0,41.7
Travis Head,2016,6,9,66,1,7.33,66,54,0,1/8,5,1,35.2
Trent Boult,2015,7,24,176,6,7.33,29.3,24,0,2/12,22,1,47.9
Trent Boult,2017,8,32,275,10,8.59,27.5,19.2,0,3/19,36,6,52.1
Trent Boult,2018,7,27.5,255,6,9.16,42.5,27.8,0,2/30,39,5,45.5
Trent Boult,2022,35,130.3,1010,43,7.74,23.5,18.2,0,4/18,118,32,48
Tushar Deshpande,2020,,,,,,,,,,,,
Tushar Deshpande,2022,7,24,287,5,11.96,57.4,28.8,0,2/37,33,11,35.4
Tymal Mills,2017,26,94.5,737,39,7.77,18.9,14.6,0,4/22,71,22,55
Tymal Mills,2022,35,122,930,46,7.62,20.2,15.9,0,3/8,81,36,47.4
Umang Sharma,2016,,,,,,,,,,,,
Umesh Yadav,2014,36,130.5,1018,39,7.78,26.1,20.1,0,4/24,107,25,45.4
Umesh Yadav,2018,23,74.3,644,27,8.64,23.9,16.6,0,4/33,65,26,44.7
Umesh Yadav,2021,13,44.5,452,8,10.08,56.5,33.6,0,3/36,50,21,42.8
Umesh Yadav,2022,2,7,81,0,11.57,-,-,0,0/33,11,3,40.5
Unmukt Chand,2014,,,,,,,,,,,,
Utkarsh Singh,2021,,,,,,,,,,,,
Vaibhav Arora,2021,,,,,,,,,,,,
Vaibhav Arora,2022,5,17.2,111,4,6.4,27.8,26,0,3/30,16,1,55.8
Vaibhav Rawal,2015,,,,,,,,,,,,
Varun Aaron,2014,8,31,271,8,8.74,33.9,23.2,0,2/19,32,8,45.2
Varun Aaron,2017,13,41,404,5,9.85,80.8,49.2,0,2/24,43,16,47.6
Varun Aaron,2019,,,,,,,,,,,,
Varun Aaron,2022,4,9,105,0,11.67,-,-,0,0/11,10,6,48.1
Varun Chakaravarthy,2019,,,,,,,,,,,,
Varun Chakaravarthy,2020,,,,,,,,,,,,
Veer Pratap Singh,2014,9,34,296,10,8.71,29.6,20.4,0,2/31,31,10,40.2
Venkatesh Iyer,2021,,,,,,,,,,,,
Venugopal Rao,2014,2,2,26,0,13,-,-,0,0/13,4,1,25
Vicky Ostwal,2022,,,,,,,,,,,,
Vijay Shankar,2014,,,,,,,,,,,,
Vijay Shankar,2016,1,1,19,0,19,-,-,0,0/19,1,2,16.7
Vijay Shankar,2018,,,,,,,,,,,,
Vijay Shankar,2022,12,28.2,210,7,7.41,30,24.3,0,2/19,15,7,44.7
Vijay Zol,2014,,,,,,,,,,,,
Vikas Tokas,2016,,,,,,,,,,,,
Vikramjeet Malik,2014,6,19,131,7,6.89,18.7,16.3,0,3/24,17,3,55.3
Vikramjeet Malik,2016,1,3,29,1,9.67,29,18,0,1/29,4,1,44.4
Virat Singh,2020,,,,,,,,,,,,
Virender Sehwag,2014,4,5,54,0,10.8,-,-,0,0/9,7,2,23.3
Vishnu Vinod,2021,,,,,,,,,,,,
Vishnu Vinod,2022,,,,,,,,,,,,
Wanindu Hasaranga,2022,22,79,497,28,6.29,17.8,16.9,0,3/15,31,23,46
Washington Sundar,2022,21,66,416,11,6.3,37.8,36,0,2/16,25,12,37.9
Wayne Parnell,2014,10,35.5,265,12,7.4,22.1,17.9,0,3/27,27,4,45.6
Wriddhiman Saha,2014,,,,,,,,,,,,
Wriddhiman Saha,2018,,,,,,,,,,,,
Wriddhiman Saha,2019,,,,,,,,,,,,
Wriddhiman Saha,2022,,,,,,,,,,,,
Writtick Chatterjee,2022,4,9,69,4,7.67,17.2,13.5,0,2/25,6,3,35.2
Yash Dayal,2022,,,,,,,,,,,,
Yash Dhull,2022,,,,,,,,,,,,
Yashasvi Jaiswal,2020,,,,,,,,,,,,
Yogesh Gowalkar,2015,,,,,,,,,,,,
Yogesh Takawale,2014,,,,,,,,,,,,
Yudhvir Charak,2021,,,,,,,,,,,,
Yusuf Pathan,2014,18,35,284,4,8.11,71,52.5,0,2/12,16,14,37.1
Yusuf Pathan,2018,8,10,74,2,7.4,37,30,0,1/2,4,4,40
Yuvraj Singh,2014,10,22,152,6,6.91,25.3,22,0,2/27,11,3,30.3
Yuvraj Singh,2015,20,44.4,339,11,7.59,30.8,24.4,0,4/35,20,12,29.1
Yuvraj Singh,2016,16,31.4,259,6,8.18,43.2,31.7,0,4/35,11,13,27.9
Yuvraj Singh,2018,7,8.1,74,1,9.06,74,49,0,1/6,3,4,22.4
Yuvraj Singh,2019,4,4,45,1,11.25,45,24,0,1/6,4,2,16.7
Yuzvendra Chahal,2022,35,130,921,42,7.08,21.9,18.6,0,3/11,53,42,38.3
Yuzvendra Singh Chahal,2014,,,,,,,,,,,,
Yuzvendra Singh Chahal,2018,,,,,,,,,,,,
Zaheer Khan,2014,17,66.0,500,22,7.58,22.7,18.0,0,4/17,54,14,46.7
Zaheer Khan,2015,8,28.2,193,10,6.81,19.3,17.0,0,4/17,19,6,50.6
Zahir Khan Pakteen,2018,,,,,,,,,,,,
